-- phpMyAdmin SQL Dump
-- version 5.2.1
-- https://www.phpmyadmin.net/
--
-- Host: 127.0.0.1
-- Generation Time: Sep 25, 2025 at 03:55 AM
-- Server version: 10.4.32-MariaDB
-- PHP Version: 8.2.12

SET SQL_MODE = "NO_AUTO_VALUE_ON_ZERO";
START TRANSACTION;
SET time_zone = "+00:00";


/*!40101 SET @OLD_CHARACTER_SET_CLIENT=@@CHARACTER_SET_CLIENT */;
/*!40101 SET @OLD_CHARACTER_SET_RESULTS=@@CHARACTER_SET_RESULTS */;
/*!40101 SET @OLD_COLLATION_CONNECTION=@@COLLATION_CONNECTION */;
/*!40101 SET NAMES utf8mb4 */;

--
-- Database: `absensi`
--

-- --------------------------------------------------------

--
-- Table structure for table `footer`
--

CREATE TABLE `footer` (
  `id_footer` int(11) NOT NULL,
  `icon` varchar(200) DEFAULT NULL,
  `nama` varchar(100) DEFAULT NULL,
  `alamat` text DEFAULT NULL,
  `deskripsi_developer` text DEFAULT NULL,
  `whatsapp` varchar(200) DEFAULT NULL,
  `tiktok` varchar(200) DEFAULT NULL,
  `instagram` varchar(200) DEFAULT NULL,
  `facebook` varchar(200) DEFAULT NULL,
  `copyright` varchar(100) DEFAULT NULL
) ENGINE=InnoDB DEFAULT CHARSET=utf8mb4 COLLATE=utf8mb4_general_ci;

--
-- Dumping data for table `footer`
--

INSERT INTO `footer` (`id_footer`, `icon`, `nama`, `alamat`, `deskripsi_developer`, `whatsapp`, `tiktok`, `instagram`, `facebook`, `copyright`) VALUES
(1, '1747900927_rpl.PNG', 'SMKN 7 Baleendah', 'Jl. Siliwangi No.Km.15, Manggahang, Kec. Baleendah, Kabupaten Bandung, Jawa Barat 40375', 'mewujudkan sekolah yang unggul', '6285846283135', 'https://www.tiktok.com/id-ID/', 'https://www.instagram.com/', NULL, 'kodeka 2023');

-- --------------------------------------------------------

--
-- Table structure for table `tb_berita`
--

CREATE TABLE `tb_berita` (
  `id_berita` int(11) NOT NULL,
  `isi_berita` text NOT NULL,
  `status` enum('0','1') NOT NULL
) ENGINE=InnoDB DEFAULT CHARSET=utf8mb4 COLLATE=utf8mb4_general_ci;

--
-- Dumping data for table `tb_berita`
--

INSERT INTO `tb_berita` (`id_berita`, `isi_berita`, `status`) VALUES
(1, 'Nulla neque urna, lobortis eu maximus ac, malesuada nec libero. Ut quis fringilla turpis. Maecenas ullamcorper erat eu imperdiet interdum. Lorem ipsum dolor sit amet, consectetur adipiscing elit. In elementum quam ultrices justo lobortis, sed imperdiet felis consequat. Nunc maximus ligula sem, vel porta enim tempus in. Nulla condimentum rhoncus tempor. Aenean risus ipsum, ullamcorper eget finibus aliquet, commodo et justo. Nulla elementum ex ligula, non fringilla ipsum tempor eu. Vestibulum consectetur pulvinar augue id blandit.', '1'),
(2, '12312\r\n123123\r\n123123', '1'),
(4, 'Lorem ipsum dolor sit amet, consectetur adipiscing elit. Duis sollicitudin viverra leo, eu auctor ligula luctus et. Nunc et nisi ac nisl vestibulum fringilla. Nam placerat mattis neque ac sagittis. Aliquam maximus ultrices aliquam. Vestibulum elementum neque eget nibh vestibulum interdum. Sed vel dui enim. Sed sit amet eros a ligula scelerisque iaculis quis id erat.', '1');

-- --------------------------------------------------------

--
-- Table structure for table `tb_hadir`
--

CREATE TABLE `tb_hadir` (
  `id_hadir` int(11) NOT NULL,
  `id_siswa` int(11) NOT NULL,
  `jam_masuk` time NOT NULL,
  `jam_keluar` time NOT NULL,
  `tgl_masuk` date NOT NULL,
  `status` enum('Hadir','Sakit','Izin','Dispen') NOT NULL,
  `status_data` enum('on','off') NOT NULL
) ENGINE=InnoDB DEFAULT CHARSET=utf8mb4 COLLATE=utf8mb4_general_ci;

--
-- Dumping data for table `tb_hadir`
--

INSERT INTO `tb_hadir` (`id_hadir`, `id_siswa`, `jam_masuk`, `jam_keluar`, `tgl_masuk`, `status`, `status_data`) VALUES
(125, 67, '11:03:56', '00:00:00', '2024-08-26', 'Dispen', 'off'),
(126, 193, '08:42:08', '00:00:00', '2025-06-19', 'Hadir', 'off'),
(127, 176, '08:42:00', '00:00:00', '2025-06-19', 'Hadir', 'off'),
(128, 199, '08:42:05', '15:30:16', '2025-06-19', 'Hadir', 'off'),
(129, 188, '08:42:02', '15:30:31', '2025-06-19', 'Hadir', 'off'),
(130, 178, '08:42:19', '00:00:00', '2025-06-19', 'Hadir', 'off');

-- --------------------------------------------------------

--
-- Table structure for table `tb_hari`
--

CREATE TABLE `tb_hari` (
  `id_hari` int(11) NOT NULL,
  `tgl` date NOT NULL
) ENGINE=InnoDB DEFAULT CHARSET=utf8mb4 COLLATE=utf8mb4_general_ci;

-- --------------------------------------------------------

--
-- Table structure for table `tb_jurusan`
--

CREATE TABLE `tb_jurusan` (
  `id_jurusan` int(11) NOT NULL,
  `nama_jurusan` varchar(100) NOT NULL,
  `inisial` varchar(10) NOT NULL,
  `kaprog` varchar(100) NOT NULL
) ENGINE=InnoDB DEFAULT CHARSET=utf8mb4 COLLATE=utf8mb4_general_ci;

--
-- Dumping data for table `tb_jurusan`
--

INSERT INTO `tb_jurusan` (`id_jurusan`, `nama_jurusan`, `inisial`, `kaprog`) VALUES
(1, 'Rekayasa Perangkat Lunak', 'RPL', 'Bagus Abdul Karim, S.Kom'),
(2, 'Teknik Bisnis Sepeda Motor', 'TBSM', 'Eko Sugianto, S.Pd'),
(3, 'Teknik Kendaraan Ringan Otomotif', 'TKRO', 'Ega Sapta Gumelar, S.Pd'),
(4, 'Teknik Audio Video', 'TAV', 'Asep Supriyadi, S.Pd'),
(5, 'Desain Pemodelan dan Informasi Bangunan', 'DPIB', 'Drs. M. Yani');

-- --------------------------------------------------------

--
-- Table structure for table `tb_kelas`
--

CREATE TABLE `tb_kelas` (
  `id_kelas` int(11) NOT NULL,
  `id_jurusan` int(11) NOT NULL,
  `tingkatan` enum('X','XI','XII') NOT NULL,
  `nama_kelas` varchar(15) NOT NULL,
  `wali_kelas` varchar(100) NOT NULL
) ENGINE=InnoDB DEFAULT CHARSET=utf8mb4 COLLATE=utf8mb4_general_ci;

--
-- Dumping data for table `tb_kelas`
--

INSERT INTO `tb_kelas` (`id_kelas`, `id_jurusan`, `tingkatan`, `nama_kelas`, `wali_kelas`) VALUES
(1, 1, 'X', '1', 'AD'),
(2, 1, 'X', '2', 'AE'),
(3, 1, 'X', '3', 'AF'),
(4, 1, 'XI', '1', 'Ujang Rudini, S.Kom'),
(5, 1, 'XI', '2', 'Lilik Nurahmawati, S.Kom'),
(6, 1, 'XI', '3', 'Een Lestariningsih, S.Pd'),
(7, 1, 'XII', '1', 'I'),
(8, 1, 'XII', '2', 'J'),
(9, 1, 'XII', '3', 'K'),
(10, 2, 'X', '1', 'M'),
(11, 2, 'X', '2', 'N'),
(12, 2, 'X', '3', 'O'),
(13, 2, 'XI', '1', 'Pungki Ariwibowo, ST'),
(14, 2, 'XI', '2', 'H. Junaedi, S.Pd'),
(15, 2, 'XI', '3', 'Hj. Neneng Hermawati, S.Pd'),
(16, 2, 'XII', '1', 'Pungki Ariwibowo, ST'),
(17, 2, 'XII', '2', 'S'),
(18, 2, 'XII', '3', 'AJ'),
(19, 3, 'X', '1', 'Bambang Martabak'),
(20, 3, 'X', '2', 'AK'),
(21, 3, 'X', '3', 'AL'),
(22, 3, 'XI', '1', 'H. Muhammad Husna, S.Pd'),
(23, 3, 'XI', '2', 'Sugih Esa, S.Pd.I'),
(24, 3, 'XI', '3', 'Winda Widia Astuti, S.Pd'),
(25, 3, 'XII', '1', 'Budi Lontong'),
(26, 3, 'XII', '2', 'T'),
(27, 3, 'XII', '3', 'U'),
(30, 4, 'X', '1', 'V'),
(31, 4, 'X', '2', 'W'),
(32, 4, 'X', '3', 'X'),
(33, 4, 'XI', '1', 'Winda Wulandari, S.Pd'),
(34, 4, 'XI', '2', 'Moh. Ricky Merdeka, S.ST., M.T'),
(35, 4, 'XI', '3', 'Dinan Muftian Shofwa, S.Pd'),
(36, 4, 'XII', '1', 'AB'),
(37, 4, 'XII', '2', 'AC'),
(38, 4, 'XII', '3', 'I'),
(41, 5, 'XI', '1', 'Ulfah Nurul Karimah, S.Pd'),
(42, 5, 'XI', '2', 'Yuni Purnamasari, S.Pd');

-- --------------------------------------------------------

--
-- Table structure for table `tb_sekolah`
--

CREATE TABLE `tb_sekolah` (
  `id_sekolah` int(11) NOT NULL,
  `nama_sekolah` varchar(100) NOT NULL,
  `foto_sekolah` varchar(100) NOT NULL
) ENGINE=InnoDB DEFAULT CHARSET=utf8mb4 COLLATE=utf8mb4_general_ci;

--
-- Dumping data for table `tb_sekolah`
--

INSERT INTO `tb_sekolah` (`id_sekolah`, `nama_sekolah`, `foto_sekolah`) VALUES
(2, 'SMK NEGERI SEKIAN', '992310688_Sekolah1.jpg');

-- --------------------------------------------------------

--
-- Table structure for table `tb_siswa`
--

CREATE TABLE `tb_siswa` (
  `id_siswa` int(11) NOT NULL,
  `pin` varchar(10) NOT NULL,
  `nis` char(15) NOT NULL,
  `nama_siswa` varchar(100) NOT NULL,
  `id_jurusan` int(11) NOT NULL,
  `id_kelas` int(11) NOT NULL,
  `foto` text NOT NULL
) ENGINE=InnoDB DEFAULT CHARSET=utf8mb4 COLLATE=utf8mb4_general_ci;

--
-- Dumping data for table `tb_siswa`
--

INSERT INTO `tb_siswa` (`id_siswa`, `pin`, `nis`, `nama_siswa`, `id_jurusan`, `id_kelas`, `foto`) VALUES
(67, '12345678', '123456789', 'ASasAS', 4, 36, 'user.png'),
(68, '1241241', '213562343', 'Jajang', 1, 4, 'user.png'),
(70, '2635949947', '242510387', 'ARIFQI DIMAS PRATAMA', 1, 4, '1372864069_ARIFQI_DIMAS_PRATAMA70.jpg'),
(73, '2636702235', '242510175', 'AGIL GUSTIAN', 2, 15, '1472126447_AGIL_GUSTIAN73.jpg'),
(74, '635766971', '242510384', 'ZAHRA APRILANIA ZIEN PUTRI', 4, 35, '1273919054_ZAHRA_APRILANIA_ZIEN_PUTRI74.jpg'),
(146, '2637494459', '242510386', 'AL-AZKA REZVAN MUHAMMAD', 1, 4, '1824272019_AL-AZKA_REZVAN_MUHAMMAD146.jpg'),
(147, '2638308747', '242510385', 'ABDAL UBAIDILLAH', 1, 4, '303432725_ABDAL_UBAIDILLAH147.jpg'),
(148, '2638782187', '242510388', 'ARNI HOERUNISA', 1, 4, '1395236101_ARNI_HOERUNISA148.jpg'),
(149, '2635830059', '242510389', 'ATHA RASYID RIZQI', 1, 4, '247230775_ATHA_RASYID_RIZQI149.jpg'),
(150, '2638462475', '242510392', 'BIANCA INDAH SARI', 1, 4, '185355225_BIANCA_INDAH_SARI150.jpg'),
(151, '2635130459', '242510390', 'AZURA FATIH AL ANSYORI', 1, 4, '1832686225_AZURA_FATIH_AL_ANSYORI151.jpg'),
(152, '2637163643', '242510391', 'BAYU ADITYA RAHMAN', 1, 4, '928365906_BAYU_ADITYA_RAHMAN152.jpg'),
(153, '2637152075', '242510438', 'NAZRIEL NUR APRILIANSYAH', 1, 5, '1331304207_NAZRIEL_NUR_APRILIANSYAH153.jpg'),
(154, '2638701435', '242510439', 'NAZWA ADINDA', 1, 5, '2113331205_NAZWA_ADINDA154.jpg'),
(155, '2638294987', '242510440', 'RAFIK MUHAMMAD YASIR', 1, 5, '523502299_RAFIK_MUHAMMAD_YASIR155.jpg'),
(156, '2638561099', '242510441', 'RAISYA MARDHIKA', 1, 5, '1789225766_RAISYA_MARDHIKA156.jpg'),
(157, '2637158635', '242510442', 'RANGGA PIRMANSYAH', 1, 5, '225436567_RANGGA_PIRMANSYAH157.jpg'),
(158, '2635163099', '242510443', 'RASYA ASYAFA PUTRA ANDRIANSYAH', 1, 5, '763228379_RASYA_ASYAFA_PUTRA_ANDRIANSYAH158.jpg'),
(159, '2635142187', '242510444', 'RASYA PRADANA PUTRA', 1, 5, '547797684_RASYA_PRADANA_PUTRA159.jpg'),
(160, '2634356987', '242510445', 'RASYA ZICKO RAMADHAN', 1, 5, '1503484977_RASYA_ZICKO_RAMADHAN160.jpg'),
(161, '2636159211', '242510446', 'RICHY APRILIAN RIVANO', 1, 5, '2120681074_RICHY_APRILIAN_RIVANO161.jpg'),
(162, '2634868363', '242510447', 'RIFADZ RIVALDI RAHMAN', 1, 5, '1133531778_RIFADZ_RIVALDI_RAHMAN162.jpg'),
(163, '2636584971', '242510448', 'SENDI REZA FAZRIANSYAH', 1, 5, '747303056_SENDI_REZA_FAZRIANSYAH163.jpg'),
(164, '2637315547', '242510449', 'SHABRINA SHALSABILA', 1, 5, '886157872_SHABRINA_SHALSABILA164.jpg'),
(165, '2635249355', '242510450', 'SITI FATIMAH', 1, 5, '1494605260_SITI_FATIMAH165.jpg'),
(166, '2635671579', '242510451', 'SOFYAN EKA FEBRIYANTO', 1, 5, '948910397_SOFYAN_EKA_FEBRIYANTO166.jpg'),
(167, '2635715419', '242510452', 'SOPI RAHMAWATI', 1, 5, '600269329_SOPI_RAHMAWATI167.jpg'),
(168, '2636424555', '242510453', 'SYIFA ASRI MARISTA', 1, 5, '1746313548_SYIFA_ASRI_MARISTA168.jpg'),
(169, '2635135339', '242510454', 'SYIFA PUTRI SANDRINA', 1, 5, '1843112423_SYIFA_PUTRI_SANDRINA169.jpg'),
(170, '2638338267', '242510455', 'ZAMZAM LEYENAT', 1, 5, '1298576415_ZAMZAM_LEYENAT170.jpg'),
(171, '2636866155', '242510456', 'ADIKA NAUFAL RAFI DACHOTI', 1, 6, '869244778_ADIKA_NAUFAL_RAFI_DACHOTI171.jpg'),
(172, '2639060603', '242510457', 'ANDREAS SIRUL RIZKI', 1, 6, '316544494_ANDREAS_SIRUL_RIZKI172.jpg'),
(173, '2637886171', '242510458', 'ANNISA DIAH NUR\'AINI', 1, 6, '1457384077_ANNISA_DIAH_NUR\'AINI173.jpg'),
(174, '2637484843', '242510459', 'ARDILA APRILIANI PUTRI', 1, 6, '118693000_ARDILA_APRILIANI_PUTRI174.jpg'),
(175, '2634434251', '242510460', 'ASHARI SURYA PUTRA', 1, 6, '1353339403_ASHARI_SURYA_PUTRA175.jpg'),
(176, '2634353787', '242510461', 'DAFA FATURAHMAN SHIDIQ', 1, 6, '1552806055_DAFA_FATURAHMAN_SHIDIQ176.jpg'),
(177, '2634204683', '242510462', 'DHIKRI FADILLAH', 1, 6, '1063610105_DHIKRI_FADILLAH177.jpg'),
(178, '2636541563', '242510463', 'ERWIN SETIAWAN', 1, 6, '1980756098_ERWIN_SETIAWAN178.jpg'),
(179, '2638431051', '242510464', 'FIRLI NONTIN', 1, 6, '1026754967_FIRLI_NONTIN179.jpg'),
(180, '2636880603', '242510465', 'GALANG ADITIA PERMANA', 1, 6, '295488696_GALANG_ADITIA_PERMANA180.jpg'),
(181, '2634385371', '242510466', 'HANNA KHUMAIRA AZMIR', 1, 6, '1924590009_HANNA_KHUMAIRA_AZMIR181.jpg'),
(182, '2634765419', '242510467', 'HAURA DIEN SHOFFIYAH', 1, 6, '2075311219_HAURA_DIEN_SHOFFIYAH182.jpg'),
(183, '2637775803', '242510468', 'HERDI FIRDAUS', 1, 6, '1649213072_HERDI_FIRDAUS183.jpg'),
(184, '2638020427', '242510469', 'JOHANES HILMAN SILALAHI', 1, 6, '1978491550_JOHANES_HILMAN_SILALAHI184.jpg'),
(185, '2637449467', '242510470', 'M. ZEYKHANA MUFTIKHATU SOLIHIN', 1, 6, '209173984_M._ZEYKHANA_MUFTIKHATU_SOLIHIN185.jpg'),
(186, '2635828123', '242510471', 'MEYRA SABILLA ALLIYAHNUR', 1, 6, '310549973_MEYRA_SABILLA_ALLIYAHNUR186.jpg'),
(187, '2636879211', '242510472', 'MUHAMAD ALDIANSYAH', 1, 6, '419509555_MUHAMAD_ALDIANSYAH187.jpg'),
(188, '2638436875', '242510474', 'MUHAMMAD RAMZI FIRDAUS', 1, 6, '1691215725_MUHAMMAD_RAMZI_FIRDAUS188.jpg'),
(189, '2635534699', '242510473', 'MUHAMAD RIZIEQ NUR AFFAN', 1, 6, '850736148_MUHAMAD_RIZIEQ_NUR_AFFAN189.jpg'),
(190, '2634744315', '242510475', 'NADDZAR RIDKY PERMANA', 1, 6, '2092062172_NADDZAR_RIDKY_PERMANA190.jpg'),
(191, '2638664875', '242510476', 'NAZRIL ARYASATYA FERDINAL', 1, 6, '249938532_NAZRIL_ARYASATYA_FERDINAL191.jpg'),
(192, '2638968043', '242510477', 'NEVA NURLAELA SUTIAWAN', 1, 6, 'user.png'),
(193, '2636564123', '242510478', 'PASYHA ZULFAHMI ROCHMAT', 1, 6, '330557130_PASYHA_ZULFAHMI_ROCHMAT193.jpg'),
(194, '2638175483', '242510479', 'PIKA NUDIANTI', 1, 6, '492428730_PIKA_NUDIANTI194.jpg'),
(195, '2635259147', '242510480', 'QUIZA REGITA SHERLIANI', 1, 6, '319982150_QUIZA_REGITA_SHERLIANI195.jpg'),
(196, '2636698491', '242510481', 'RAIHAN ALI BARRAQ IMTINAN', 1, 6, '978559428_RAIHAN_ALI_BARRAQ_IMTINAN196.jpg'),
(197, '2638803099', '242510482', 'RAMA MUHAMAD ZAKI', 1, 6, '148887824_RAMA_MUHAMAD_ZAKI197.jpg'),
(198, '2634989227', '242510483', 'RAMA RAMDANI', 1, 6, '2113910618_RAMA_RAMDANI198.jpg'),
(199, '2638684395', '242510484', 'RYO RAMADHAN AKBAR', 1, 6, '1556653999_RYO_RAMADHAN_AKBAR199.jpg'),
(200, '2638557547', '242510485', 'SALMAN TRISNA RIZIEQ AL-JABBAR', 1, 6, '1511194933_SALMAN_TRISNA_RIZIEQ_AL-JABBAR200.jpg'),
(201, '2638441595', '242510486', 'SALSABILA NUR RAHMA', 1, 6, '1495442127_SALSABILA_NUR_RAHMA201.jpg'),
(202, '2637998139', '242510487', 'SATRIA JAMALUDIN', 1, 6, '1179664777_SATRIA_JAMALUDIN202.jpg'),
(203, '2637000779', '242510488', 'SHIFA HANANI RISNANDI', 1, 6, '352623425_SHIFA_HANANI_RISNANDI203.jpg'),
(204, '2637754507', '242510489', 'SYIFA NURUL KHOLIFAH', 1, 6, '766518514_SYIFA_NURUL_KHOLIFAH204.jpg'),
(205, '2636716667', '242510490', 'TARISYA NURUL MADANI', 1, 6, '1571538647_TARISYA_NURUL_MADANI205.jpg'),
(206, '2635827051', '242510393', 'DEWI SILPIYANTI', 1, 4, '1320048499_DEWI_SILPIYANTI206.jpg'),
(207, '2634356011', '242510394', 'DIMAS REKSA PERMANA', 1, 4, '1626139701_DIMAS_REKSA_PERMANA207.jpg'),
(208, '2634635099', '242510395', 'FADLI HUSYAERI', 1, 4, '844144522_FADLI_HUSYAERI208.jpg'),
(209, '2636580683', '242510396', 'HAFIDZ FAHRUDIN', 1, 4, '599773200_HAFIDZ_FAHRUDIN209.jpg'),
(210, '2637019003', '242510397', 'HANDY SETIAWAN', 1, 4, '380797791_HANDY_SETIAWAN210.jpg'),
(211, '2635641371', '242510398', 'IHSAN MAULUDIN', 1, 4, '165355184_IHSAN_MAULUDIN211.jpg'),
(212, '2638953147', '242510399', 'KAHIL FARHAT MAHRUS', 1, 4, '645003103_KAHIL_FARHAT_MAHRUS212.jpg'),
(213, '2635125291', '242510400', 'KAISAR REYFA AGUSTA', 1, 4, '308070220_KAISAR_REYFA_AGUSTA213.jpg'),
(214, '2638035659', '242510401', 'KEVIN NAZA REYFANSYAH', 1, 4, '389730472_KEVIN_NAZA_REYFANSYAH214.jpg'),
(215, '2637002411', '242510402', 'KEYSHA AURA PUTRI', 1, 4, '1996839816_KEYSHA_AURA_PUTRI215.jpg'),
(216, '2638148155', '242510403', 'MEGA WULANSARI', 1, 4, '1939859922_MEGA_WULANSARI216.jpg'),
(217, '2637738027', '242510404', 'MUHAMAD ARFIN', 1, 4, '215865018_MUHAMAD_ARFIN217.jpg'),
(218, '2638439947', '242510405', 'MUHAMMAD AZKA ZAIDAN', 1, 4, '393472434_MUHAMMAD_AZKA_ZAIDAN218.jpg'),
(219, '2634865051', '242510406', 'NAJWA NAZHIFAH', 1, 4, '199682169_NAJWA_NAZHIFAH219.jpg'),
(220, '2636142427', '242510407', 'PIPIT MULYANI', 1, 4, '1388956381_PIPIT_MULYANI220.jpg'),
(221, '2635859435', '242510408', 'RAKALENDRA WILDAN', 1, 4, '17743236_RAKALENDRA_WILDAN221.jpg'),
(222, '2638683403', '242510409', 'REGINAL KENCANA', 1, 4, '1565989007_REGINAL_KENCANA222.jpg'),
(223, '2638666667', '242510410', 'RIDHO FATURAHMAN ARGYANSYAH', 1, 4, '1835335543_RIDHO_FATURAHMAN_ARGYANSYAH223.jpg'),
(224, '2637064555', '242510411', 'RUBBIYANA AFWA', 1, 4, '907336257_RUBBIYANA_AFWA224.jpg'),
(225, '2637127627', '242510412', 'SALSABILA AURELLIA NASUTION', 1, 4, '1837402938_SALSABILA_AURELLIA_NASUTION225.jpg'),
(226, '2636571579', '242510413', 'SALWA SEFTIYANI PUTRI', 1, 4, '2046897880_SALWA_SEFTIYANI_PUTRI226.jpg'),
(227, '2636591371', '242510414', 'SINTA ANISA NOPIANTI', 1, 4, '1415194465_SINTA_ANISA_NOPIANTI227.jpg'),
(228, '2636260235', '242510416', 'SYIFA AZKIYAH NUR RASA', 1, 4, '279245381_SYIFA_AZKIYAH_NUR_RASA228.jpg'),
(229, '2636891211', '242510417', 'TUTI SAPUTRI', 1, 4, '583585818_TUTI_SAPUTRI229.jpg'),
(230, '2636001835', '242510418', 'WILDAN AGUS FIRMANSYAH', 1, 4, '1737206325_WILDAN_AGUS_FIRMANSYAH230.jpg'),
(231, '2636286395', '242510419', 'YUNITA FEBRIANTI ISKANDAR', 1, 4, '961583241_YUNITA_FEBRIANTI_ISKANDAR231.jpg'),
(232, '2635947083', '242510420', 'ABDUL MALIK  RIZKY NUR RAHMAT', 1, 5, '975152805_ABDUL_MALIK__RIZKY_NUR_RAHMAT232.jpg'),
(233, '2637943291', '242510421', 'ALIF YUDHA FAUZAN', 1, 5, '1232754269_ALIF_YUDHA_FAUZAN233.jpg'),
(234, '2634220635', '242510422', 'AYU ANJANI FITRI LAKSONO', 1, 5, '658515692_AYU_ANJANI_FITRI_LAKSONO234.jpg'),
(235, '2636408443', '242510423', 'DESFITTA ALVAREZA IRAWAN', 1, 5, '1938707008_DESFITTA_ALVAREZA_IRAWAN235.jpg'),
(236, '2639226011', '242510424', 'DIMAS RADITYA PUTRANTO', 1, 5, '1774038945_DIMAS_RADITYA_PUTRANTO236.jpg'),
(237, '2636885275', '242510425', 'DONITA TRIYANI', 1, 5, '13182490_DONITA_TRIYANI237.jpg'),
(238, '2636165835', '242510426', 'FARHAN AHADIANA', 1, 5, '13775577_FARHAN_AHADIANA238.jpg'),
(239, '2638454379', '242510427', 'FAUZAN FARIS RISQULLOH', 1, 5, '557645258_FAUZAN_FARIS_RISQULLOH239.jpg'),
(240, '2638947115', '242510428', 'ILHAM MAMDUH AL GHIFARI', 1, 5, '762630121_ILHAM_MAMDUH_AL_GHIFARI240.jpg'),
(241, '2635966123', '242510429', 'IVAL ASYIDDIQI KUDUS', 1, 5, '2121143684_IVAL_ASYIDDIQI_KUDUS241.jpg'),
(242, '2636736219', '242510430', 'JIHAN AMELIA', 1, 5, '439766713_JIHAN_AMELIA242.jpg'),
(243, '2637132523', '242510431', 'LISTIANTI AGUSTIN', 1, 5, '887201536_LISTIANTI_AGUSTIN243.jpg'),
(244, '2638428507', '242510432', 'M.FATHIR ALFAREZA', 1, 5, '566752262_M.FATHIR_ALFAREZA244.jpg'),
(245, '2635133931', '242510433', 'M. RIZQY ALMADANI', 1, 5, '2024564168_M._RIZQY_ALMADANI245.jpg'),
(246, '2634678395', '242510434', 'MINDO FANBREGAS SITORUS', 1, 5, '1290121776_MINDO_FANBREGAS_SITORUS246.jpg'),
(247, '2635230907', '242510435', 'MUHAMMAD FADHIL ABDILLAH', 1, 5, '1432749091_MUHAMMAD_FADHIL_ABDILLAH247.jpg'),
(248, '2638175323', '242510436', 'NABILA NURTHALIYA', 1, 5, '1802594443_NABILA_NURTHALIYA248.jpg'),
(249, '2635686731', '242510437', 'NAJLA HADHIFAH AL-FATHIYA', 1, 5, '1079814987_NAJLA_HADHIFAH_AL-FATHIYA249.jpg'),
(250, '2636402267', '242510491', 'YUNI NUR RAHMAWATI', 1, 6, '1585829256_YUNI_NUR_RAHMAWATI250.jpg'),
(251, '2637316299', '242510281', 'AKRAM HANIF HERMAWAN', 4, 33, '1634707583_AKRAM_HANIF_HERMAWAN251.jpg'),
(252, '2636103339', '242510282', 'ANGGITA MAHARANI', 4, 33, '790257880_ANGGITA_MAHARANI252.jpg'),
(253, '2638168123', '242510283', 'ARDIEN PARDILAH', 4, 33, '1369911138_ARDIEN_PARDILAH253.jpg'),
(254, '2636259515', '242510284', 'ASRI RAHAYU', 4, 33, '214578747_ASRI_RAHAYU254.jpg'),
(255, '2634570267', '242510286', 'DAFFA IKHSAN FATHIR ARIFIN', 4, 33, '905457225_DAFFA_IKHSAN_FATHIR_ARIFIN255.jpg'),
(256, '2637444395', '242510287', 'DINAR', 4, 33, '1972579369_DINAR256.jpg'),
(257, '2634453051', '242510288', 'FAJAR ABDUL HAKIM', 4, 33, '606558468_FAJAR_ABDUL_HAKIM257.jpg'),
(258, '2636382427', '242510289', 'FERRYSHA MURSYIDA PUTRIE', 4, 33, '2139704211_FERRYSHA_MURSYIDA_PUTRIE258.jpg'),
(259, '2638555259', '242510290', 'FIO MILANIA', 4, 33, '393120244_FIO_MILANIA259.jpg'),
(260, '2635980667', '242510292', 'IBNU AKYAS SYAZIRA', 4, 33, 'user.png'),
(261, '2637043131', '242510293', 'IRSYAD RADIT MAULANA', 4, 33, '860093250_IRSYAD_RADIT_MAULANA261.jpg'),
(262, '2639056779', '242510294', 'KEISYA SELVIANI', 4, 33, '811162557_KEISYA_SELVIANI262.jpg'),
(263, '2636732651', '242510295', 'M. ANDHIKA RIZKI', 4, 33, '1711105736_M._ANDHIKA_RIZKI263.jpg'),
(264, '2638520203', '242510296', 'MAULANA GIAN NUGRAHA', 4, 33, '578606205_MAULANA_GIAN_NUGRAHA264.jpg'),
(265, '2638055003', '242510297', 'MELANI PUTRI', 4, 33, '28993924_MELANI_PUTRI265.jpg'),
(266, '2634874075', '242510298', 'MOHAMAD TAUFIK ARPIAN', 4, 33, '177510553_MOHAMAD_TAUFIK_ARPIAN266.jpg'),
(267, '2634901819', '242510299', 'MUHAMMAD RAMDHAN', 4, 33, '397230115_MUHAMMAD_RAMDHAN267.jpg'),
(268, '2638471467', '242510300', 'NADIRA LUTHFIA RAHMA', 4, 33, '461592277_NADIRA_LUTHFIA_RAHMA268.jpg'),
(269, '2636137259', '242510302', 'NAZRIL CHIKAL KHADAFI', 4, 33, '549285772_NAZRIL_CHIKAL_KHADAFI269.jpg'),
(270, '2634158651', '242510303', 'NENG RISSA ROSMANIATI', 4, 33, '2081340442_NENG_RISSA_ROSMANIATI270.jpg'),
(271, '2638188619', '242510304', 'NURLELA KOMALASARI', 4, 33, '567181640_NURLELA_KOMALASARI271.jpg'),
(272, '2636839515', '242510305', 'PANCA PAMUNGKAS', 4, 33, '912157120_PANCA_PAMUNGKAS272.jpg'),
(273, '2635385163', '242510306', 'RANGGA ADITYA', 4, 33, '669129581_RANGGA_ADITYA273.jpg'),
(274, '2637923867', '242510307', 'RIFQY AKMAL AINULLAH', 4, 33, '731617778_RIFQY_AKMAL_AINULLAH274.jpg'),
(275, '2635425147', '242510308', 'RIVALDO RIZQY JANATA', 4, 33, '1265924167_RIVALDO_RIZQY_JANATA275.jpg'),
(276, '2635246299', '242510309', 'RIYA ZESSICA', 4, 33, '1401259092_RIYA_ZESSICA276.jpg'),
(277, '2638798139', '242510310', 'RIZKI SOPIK MUGNI', 4, 33, '1659090368_RIZKI_SOPIK_MUGNI277.jpg'),
(278, '2635788939', '242510311', 'ROZZANA NUR SETIAWATI', 4, 33, '553701518_ROZZANA_NUR_SETIAWATI278.jpg'),
(279, '2634284443', '242510312', 'SATRIA SURYA LESMANA', 4, 33, '327653691_SATRIA_SURYA_LESMANA279.jpg'),
(280, '2638521547', '242510313', 'WINDA NADILA PUTRI', 4, 33, '1872052154_WINDA_NADILA_PUTRI280.jpg'),
(281, '2637477883', '242510314', 'ZASKIA NOER RAMADHANI', 4, 33, '102812614_ZASKIA_NOER_RAMADHANI281.jpg'),
(282, '2635987675', '242510315', 'AMMAR DIMAS SATRIA G', 4, 34, '896399468_AMMAR_DIMAS_SATRIA_G282.jpg'),
(283, '2635380379', '242510316', 'ANANDA PUTRA MAULANA', 4, 34, '1581165132_ANANDA_PUTRA_MAULANA283.jpg'),
(284, '2635705467', '242510317', 'ANDIKA ALFA REZA', 4, 34, '2076958652_ANDIKA_ALFA_REZA284.jpg'),
(285, '2637634523', '242510318', 'AURA CINTA KHANZABILLA', 4, 34, '1527340105_AURA_CINTA_KHANZABILLA285.jpg'),
(286, '2635000667', '242510319', 'AZHAR ZAQI NASHRULLAH', 4, 34, '655284192_AZHAR_ZAQI_NASHRULLAH286.jpg'),
(287, '2637922747', '242510320', 'DAFIF RAHMMAN', 4, 34, '1331891472_DAFIF_RAHMMAN287.jpg'),
(288, '2635662395', '242510321', 'DEFLI', 4, 34, '1882132871_DEFLI288.jpg'),
(289, '2635506731', '242510322', 'DERIS ISNAENI', 4, 34, '330451353_DERIS_ISNAENI289.jpg'),
(290, '2639052923', '242510323', 'DIRLI', 4, 34, '1956538104_DIRLI290.jpg'),
(291, '2636550795', '242510324', 'FADHIL HAMZAH', 4, 34, '1885160357_FADHIL_HAMZAH291.jpg'),
(292, '2634131803', '242510325', 'FAHMI RIZKI RIFAI', 4, 34, '299137281_FAHMI_RIZKI_RIFAI292.jpg'),
(293, '2637897131', '242510326', 'FAJAR SIDIQ AL AZIZ', 4, 34, '1949560375_FAJAR_SIDIQ_AL_AZIZ293.jpg'),
(294, '2637511307', '242510327', 'FAWAZ ALFI ATQIYA', 4, 34, '1470121665_FAWAZ_ALFI_ATQIYA294.jpg'),
(295, '2636399051', '242510328', 'HAIKAL FAIZ AMRULLOH', 4, 34, '844507497_HAIKAL_FAIZ_AMRULLOH295.jpg'),
(296, '2635019403', '242510330', 'M. RIDWAN JAELANI', 4, 34, '1070336845_M._RIDWAN_JAELANI296.jpg'),
(297, '2637410379', '242510331', 'MEYLANI', 4, 34, '196718998_MEYLANI297.jpg'),
(298, '2638776075', '242510332', 'MOH DAFANURUL IMANSYAH', 4, 34, '806878459_MOH_DAFANURUL_IMANSYAH298.jpg'),
(299, '2635635403', '242510333', 'MUHAMAD FIKRI MALIKA ILMI', 4, 34, '666266569_MUHAMAD_FIKRI_MALIKA_ILMI299.jpg'),
(300, '2634525195', '242510334', 'MUHAMMAD NIZAR ARDIANSYAH', 4, 34, '1346286711_MUHAMMAD_NIZAR_ARDIANSYAH300.jpg'),
(301, '2638703755', '242510335', 'MUHAMMAD RIFA\'I', 4, 34, '1339909823_MUHAMMAD_RIFA\'I301.jpg'),
(302, '2635406795', '242510336', 'NADJWA SISTRIANI', 4, 34, '1799065670_NADJWA_SISTRIANI302.jpg'),
(303, '2638391419', '242510337', 'NATASYABILA AURORA PUTRI', 4, 34, '395243862_NATASYABILA_AURORA_PUTRI303.jpg'),
(304, '2636469771', '242510338', 'NAYLAL JANNAH', 4, 34, '375347005_NAYLAL_JANNAH304.jpg'),
(305, '2635627611', '242510339', 'NAZWA AULIA RAHMA', 4, 34, '1129196840_NAZWA_AULIA_RAHMA305.jpg'),
(306, '2634173067', '242510340', 'PITRI RIZKY NASYILA', 4, 34, '1566501955_PITRI_RIZKY_NASYILA306.jpg'),
(307, '2634221051', '242510341', 'RAIHAN WAHYU RAMADHAN', 4, 34, '1550383419_RAIHAN_WAHYU_RAMADHAN307.jpg'),
(308, '2635347675', '242510342', 'RIZKIYA ADINDA RHAISYA', 4, 34, '259578213_RIZKIYA_ADINDA_RHAISYA308.jpg'),
(309, '2637947851', '242510343', 'SATRIA BAYU TRIWANDANA', 4, 34, '945499276_SATRIA_BAYU_TRIWANDANA309.jpg'),
(310, '2634594059', '242510344', 'SHAVIRA DESPIANTI', 4, 34, '1644950077_SHAVIRA_DESPIANTI310.jpg'),
(311, '2635459835', '242510345', 'SINSI AULIA', 4, 34, '1308029197_SINSI_AULIA311.jpg'),
(312, '2636828907', '242510346', 'VERA AYU RUSMANA', 4, 34, '1063084698_VERA_AYU_RUSMANA312.jpg'),
(313, '2635308475', '242510347', 'WINNI MAULIDIA', 4, 34, '884407917_WINNI_MAULIDIA313.jpg'),
(314, '2638828171', '242510348', 'YESA PARIZ ALDIANSYAH', 4, 34, '856427890_YESA_PARIZ_ALDIANSYAH314.jpg'),
(315, '2635931515', '242510349', 'YOSYA PARIKESIT', 4, 34, '472916000_YOSYA_PARIKESIT315.jpg'),
(316, '2636069147', '242510350', 'ADITYA KUSTIAWAN', 4, 35, '472046913_ADITYA_KUSTIAWAN316.jpg'),
(317, '2637353707', '242510351', 'AL MARAGHI INSAN FIRDAUS', 4, 35, '769179687_AL_MARAGHI_INSAN_FIRDAUS317.jpg'),
(318, '2635184011', '242510352', 'ALIF PATURAHMAN', 4, 35, '1837253290_ALIF_PATURAHMAN318.jpg'),
(319, '2637978395', '242510353', 'ALIF ZAINUL FIKRI', 4, 35, '1249236755_ALIF_ZAINUL_FIKRI319.jpg'),
(320, '2637228123', '242510354', 'ALVIANO ZADA FEBRIAN', 4, 35, '1759447732_ALVIANO_ZADA_FEBRIAN320.jpg'),
(321, '2636270907', '242510355', 'ALYSA ROSMAYANTI', 4, 35, '1743639815_ALYSA_ROSMAYANTI321.jpg'),
(322, '2636613339', '242510356', 'ANDINA PUTRI SUGIARTI', 4, 35, '1342499763_ANDINA_PUTRI_SUGIARTI322.jpg'),
(323, '2635103323', '242510357', 'ANITA ZAHRA', 4, 35, '1501000246_ANITA_ZAHRA323.jpg'),
(324, '2638410955', '242510358', 'ARYA BIMA JULIANDRY', 4, 35, 'user.png'),
(325, '2638328699', '242510359', 'AZZAHRA MAHARANI', 4, 35, '80787549_AZZAHRA_MAHARANI325.jpg'),
(326, '2636958827', '242510360', 'BELA AGUSTIN', 4, 35, '567006829_BELA_AGUSTIN326.jpg'),
(327, '2639217323', '242510361', 'DESRI JULIANI', 4, 35, '1951486384_DESRI_JULIANI327.jpg'),
(328, '2638140331', '242510369', 'MOCH FAHRI RIZKI MAULANA', 4, 35, 'user.png'),
(329, '2638457707', '242510363', 'HASNA HAFIDZOH DAYYINAH', 4, 35, '1603853857_HASNA_HAFIDZOH_DAYYINAH329.jpg'),
(330, '2636808171', '242510375', 'RAYA CHALISTA', 4, 35, '1095220768_RAYA_CHALISTA330.jpg'),
(331, '2634558123', '242510376', 'REAN RIZQAN MAJID', 4, 35, '273000755_REAN_RIZQAN_MAJID331.jpg'),
(332, '2634179691', '242510377', 'REIFAL MEIZAN ROHMAN', 4, 35, '1707444059_REIFAL_MEIZAN_ROHMAN332.jpg'),
(333, '2635729435', '242510378', 'RESTI PUSPITASARI', 4, 35, '1913464873_RESTI_PUSPITASARI333.jpg'),
(334, '2638129499', '242510379', 'RIZKI SEPTIA RAMADAN', 4, 35, '973726871_RIZKI_SEPTIA_RAMADAN334.jpg'),
(335, '2641241979', '242510383', 'WISNU TAUHID', 4, 35, 'user.png'),
(336, '2635528747', '242510280', 'AGHNAT SHAKA ADIANTO', 4, 33, '245279614_AGHNAT_SHAKA_ADIANTO336.jpg'),
(337, '2637708267', '242510380', 'ROBI MUHAMMAD ARDI', 4, 35, '363758782_ROBI_MUHAMMAD_ARDI337.jpg'),
(338, '2637871211', '242510381', 'SAINA RAUDATULJANAH', 4, 35, '179756392_SAINA_RAUDATULJANAH338.jpg'),
(339, '2636217483', '242510382', 'SYAEFA MUSSA ADITYA NUR AHMAD', 4, 35, '1298730196_SYAEFA_MUSSA_ADITYA_NUR_AHMAD339.jpg'),
(340, '2635953083', '242510362', 'FRISA KAMILIYA EFFENDI', 4, 35, '2072245313_FRISA_KAMILIYA_EFFENDI340.jpg'),
(341, '2692363403', '242510365', 'IQBAL SATRIANA GUMELAR', 4, 35, '804716538_IQBAL_SATRIANA_GUMELAR341.jpg'),
(342, '1066078885', '242510366', 'M FAZA BANYU ROHMAN', 4, 35, 'user.png'),
(343, '2639218523', '242510367', 'MARTIN MAULANA PUTRA', 4, 35, '1914056894_MARTIN_MAULANA_PUTRA343.jpg'),
(344, '2634237787', '242510368', 'MOCH DEVA DEVTRIANA', 4, 35, '1896148738_MOCH_DEVA_DEVTRIANA344.jpg'),
(345, '2698872779', '242510370', 'MUHAMAD SULTAN FADILAH', 4, 35, '223403028_MUHAMAD_SULTAN_FADILAH345.jpg'),
(346, '2637393547', '242510371', 'MULKI SAEFUL MILAH', 4, 35, '134198519_MULKI_SAEFUL_MILAH346.jpg'),
(347, '2634309739', '242510372', 'RADITYA PUTRA PRATAMA', 4, 35, '138379505_RADITYA_PUTRA_PRATAMA347.jpg'),
(348, '2636009339', '242510373', 'RAFLY NUR AKHIR', 4, 35, '1889976443_RAFLY_NUR_AKHIR348.jpg'),
(349, '2692772107', '242510374', 'RAIHAN RABBANI BERYL FAIRUZ', 4, 35, '2017813245_RAIHAN_RABBANI_BERYL_FAIRUZ349.jpg'),
(350, '2638972267', '242510279', 'ZIKRA ASAHARI', 2, 14, '1034567052_ZIKRA_ASAHARI350.jpg'),
(351, '2635958507', '242510176', 'AHMAD FAHRI NURHAKIM', 2, 14, '179169370_AHMAD_FAHRI_NURHAKIM351.jpg'),
(352, '2637875995', '242510177', 'ALVIAN MIFTAHULJANAH HERMAWAN', 2, 13, '1634371029_ALVIAN_MIFTAHULJANAH_HERMAWAN352.jpg'),
(353, '2636536955', '242510178', 'ANDIKA ALVA SOFIAN', 2, 15, '1260569549_ANDIKA_ALVA_SOFIAN353.jpg'),
(354, '2637912011', '242510179', 'AQBIL DHAFIN RIZKYANSYAH', 2, 14, '1256893692_AQBIL_DHAFIN_RIZKYANSYAH354.jpg'),
(355, '2635816891', '242510180', 'ARGA FATHURRAHMAN', 2, 13, '226216438_ARGA_FATHURRAHMAN355.jpg'),
(356, '2638706091', '242510181', 'ASEP RIZKI', 2, 14, '545049250_ASEP_RIZKI356.jpg'),
(357, '2635378955', '242510182', 'AWAL ALDIANSYAH', 2, 14, '1846791821_AWAL_ALDIANSYAH357.jpg'),
(358, '2635636795', '242510183', 'BINTANG SURYA FEBRIAN', 2, 13, '544631086_BINTANG_SURYA_FEBRIAN358.jpg'),
(359, '2636555707', '242510185', 'DIRU AL KAHFI FEBRIANA', 2, 13, '411166149_DIRU_AL_KAHFI_FEBRIANA359.jpg'),
(360, '2637061563', '242510186', 'DWI RIZQY HERIANDRA', 2, 15, '1263657921_DWI_RIZQY_HERIANDRA360.jpg'),
(361, '2635117659', '242510187', 'HENDI', 2, 14, '863036273_HENDI361.jpg'),
(362, '2638906027', '242510188', 'IBRAHIM MOUVIC WIDITA', 2, 15, '1902989162_IBRAHIM_MOUVIC_WIDITA362.jpg'),
(363, '2635228507', '242510189', 'IHSAN FATAHILLAH FARMAN', 2, 13, '1185137897_IHSAN_FATAHILLAH_FARMAN363.jpg'),
(364, '2638428427', '242510190', 'IKBAL NURHASAN', 2, 14, '1280632913_IKBAL_NURHASAN364.jpg'),
(365, '2634455979', '242510192', 'M. ALIF. A', 2, 15, '1140268005_M._ALIF._A365.jpg'),
(366, '2638319083', '242510193', 'MARTANDI MALIK INSANI', 2, 13, '1395492768_MARTANDI_MALIK_INSANI366.jpg'),
(367, '2634347515', '242510194', 'MUHAMAD DEJAN SAPUTRA', 2, 14, '835207709_MUHAMAD_DEJAN_SAPUTRA367.jpg'),
(368, '2636303499', '242510191', 'M FADLI DZILJALAL WAL IKRAM', 2, 13, '1240718863_M_FADLI_DZILJALAL_WAL_IKRAM368.jpg'),
(369, '2637604891', '242510195', 'MUHAMMAD NAUFAL ALRAZAK SUKRESNO', 2, 13, '1198861649_MUHAMMAD_NAUFAL_ALRAZAK_SUKRESNO369.jpg'),
(370, '2637589707', '242510196', 'NAUFAL DAFFA PRATAMA', 2, 13, 'user.png'),
(371, '2636851803', '242510197', 'NAYAKA DWI PUTRA HARTONO', 2, 15, '1806882729_NAYAKA_DWI_PUTRA_HARTONO371.jpg'),
(372, '2634636683', '242510198', 'PANDU SANJAYA', 2, 15, '1109820654_PANDU_SANJAYA372.jpg'),
(373, '2636281531', '242510199', 'PEBRI MAULANA YUSUP', 2, 13, '2065103100_PEBRI_MAULANA_YUSUP373.jpg'),
(374, '2635705851', '242510200', 'PINZA FUZA BERLIANA', 2, 14, '945363505_PINZA_FUZA_BERLIANA374.jpg'),
(375, '2638650075', '242510201', 'PRIA ALFIAN SATRIANTO', 2, 15, '2108855087_PRIA_ALFIAN_SATRIANTO375.jpg'),
(376, '2635111563', '242510202', 'RAKA HANSEL ALEXSYAH', 2, 13, '1718912864_RAKA_HANSEL_ALEXSYAH376.jpg'),
(377, '2636223371', '242510203', 'REVAN ROMADHON', 2, 15, '2067793745_REVAN_ROMADHON377.jpg'),
(378, '2634516827', '242510204', 'RIMBA NUSANTARA', 2, 15, '1847588457_RIMBA_NUSANTARA378.jpg'),
(379, '2636908715', '242510205', 'RIZKY AKBAR ADITIYA', 2, 15, '413380151_RIZKY_AKBAR_ADITIYA379.jpg'),
(380, '2634771979', '242510206', 'SANDI KURNIAWAN SAPUTRA', 2, 14, '1751513968_SANDI_KURNIAWAN_SAPUTRA380.jpg'),
(381, '2636678235', '242510207', 'SANI APRIJAL', 2, 14, '1724916239_SANI_APRIJAL381.jpg'),
(382, '2638436267', '242510208', 'SYEM DENIS ALRASYID', 2, 14, '897469401_SYEM_DENIS_ALRASYID382.jpg'),
(383, '2637719227', '242510209', 'WAFI ARKAN RAIHAN', 2, 14, '124862029_WAFI_ARKAN_RAIHAN383.jpg'),
(384, '2636590843', '242510210', 'ADRIAN RUBENSU CORNELIUS HUTAGALUNG', 2, 15, '83461521_ADRIAN_RUBENSU_CORNELIUS_HUTAGALUNG384.jpg'),
(385, '2637758827', '242510211', 'AHMAD SYAEFULLOH RAMDANI', 2, 13, '1783146237_AHMAD_SYAEFULLOH_RAMDANI385.jpg'),
(386, '2634454843', '242510212', 'ARIF ARIQOH', 2, 13, '766598853_ARIF_ARIQOH386.jpg'),
(387, '2638018667', '242510213', 'ARYAN SHIHAB PATIH JUMAN', 2, 15, '1337866661_ARYAN_SHIHAB_PATIH_JUMAN387.jpg'),
(388, '2636250075', '242510214', 'FAHRI SABILA ALKALIFI', 2, 15, '1981982011_FAHRI_SABILA_ALKALIFI388.jpg'),
(389, '2635279243', '242510215', 'FARHAN RANDI NUGRAHA', 2, 15, 'user.png'),
(390, '2635295819', '242510216', 'FERDY RADITA PRIADI', 2, 14, '262271223_FERDY_RADITA_PRIADI390.jpg'),
(391, '2634367051', '242510217', 'GILANG SAKTI RAMADAN', 2, 14, '32888305_GILANG_SAKTI_RAMADAN391.jpg'),
(392, '2634567547', '242510218', 'HADI HARDIANTO', 2, 15, '1483754945_HADI_HARDIANTO392.jpg'),
(393, '2639059227', '242510219', 'HANDIS YUDISTIRA', 2, 14, '550129336_HANDIS_YUDISTIRA393.jpg'),
(394, '2635405515', '242510220', 'HASBI AS SHIDDEQY TANJUNG', 2, 15, '285047394_HASBI_AS_SHIDDEQY_TANJUNG394.jpg'),
(395, '2637803515', '242510223', 'MUHAMAD ERLANGGA', 2, 15, '970240014_MUHAMAD_ERLANGGA395.jpg'),
(396, '2636582731', '242510224', 'MUHAMAD NOVAL FAISAL', 2, 14, '1031210798_MUHAMAD_NOVAL_FAISAL396.jpg'),
(397, '2634450939', '242510225', 'MUHAMAD RAFAEI PRATAMA', 2, 14, 'user.png'),
(398, '2637478315', '242510226', 'MUHAMAD RAFLI AQILLAH', 2, 14, '1593889762_MUHAMAD_RAFLI_AQILLAH398.jpg'),
(399, '2638018475', '242510227', 'MUHAMMAD FADHLAN RAMADIANSYAH', 2, 13, '1391065159_MUHAMMAD_FADHLAN_RAMADIANSYAH399.jpg'),
(400, '2634899419', '242510228', 'MUHAMMAD FAREL TRIZAKI', 2, 14, '76256406_MUHAMMAD_FAREL_TRIZAKI400.jpg'),
(401, '2634414075', '242510229', 'MUHAMMAD FIKRI NAUFAL', 2, 13, '1013085625_MUHAMMAD_FIKRI_NAUFAL401.jpg'),
(402, '2638323147', '242510230', 'MUHAMMAD KURNIA MAULANA', 2, 13, '813897221_MUHAMMAD_KURNIA_MAULANA402.jpg'),
(403, '2637308299', '242510231', 'MUHAMMAD RIDHO SAPUTRO', 2, 13, '1359102161_MUHAMMAD_RIDHO_SAPUTRO403.jpg'),
(404, '2636251211', '242510232', 'MUHAMMAD RIZKY RAMADHANI', 2, 13, '1144553651_MUHAMMAD_RIZKY_RAMADHANI404.jpg'),
(405, '2636758267', '242510233', 'NAUFAL HIBATULLAH', 2, 14, '953024965_NAUFAL_HIBATULLAH405.jpg'),
(406, '2634746923', '242510234', 'NOVA BINTANG PERMANA', 2, 14, '1324528096_NOVA_BINTANG_PERMANA406.jpg'),
(407, '2637316443', '242510235', 'RAKHA MUHAMMAD ZEIN', 2, 15, '261164682_RAKHA_MUHAMMAD_ZEIN407.jpg'),
(408, '2634422011', '242510236', 'RAMDANY RAPLY WIJAYA', 2, 14, '716943804_RAMDANY_RAPLY_WIJAYA408.jpg'),
(409, '2637148699', '242510237', 'REFANDRA ALEXSA', 2, 14, '1163807288_REFANDRA_ALEXSA409.jpg'),
(410, '2638277515', '242510238', 'REYHAN ANGGANA', 2, 14, '458916189_REYHAN_ANGGANA410.jpg'),
(411, '2637194987', '242510239', 'REYHAN ZANETA MAHADI ARIAWAN', 2, 15, '1987294038_REYHAN_ZANETA_MAHADI_ARIAWAN411.jpg'),
(412, '2635245099', '242510240', 'RIZKI FAJAR RAMADHAN', 2, 14, '1550618443_RIZKI_FAJAR_RAMADHAN412.jpg'),
(413, '2637940155', '242510241', 'RIZKY ILHAM MAULANA', 2, 13, '853953885_RIZKY_ILHAM_MAULANA413.jpg'),
(414, '2635847323', '242510242', 'RIZKY NANDAR', 2, 13, '568562469_RIZKY_NANDAR414.jpg'),
(415, '2637597739', '242510243', 'SEPTIANDY RAMADHAN', 2, 15, '1828226048_SEPTIANDY_RAMADHAN415.jpg'),
(416, '2638179339', '242510244', 'ZAKIYA ABDURRAHMAN', 2, 14, '93560048_ZAKIYA_ABDURRAHMAN416.jpg'),
(417, '2638286107', '242510245', 'ADI PRASETYO', 2, 14, '1472359864_ADI_PRASETYO417.jpg'),
(418, '2638291819', '242510246', 'AFDAL MAULANA', 2, 13, '570333859_AFDAL_MAULANA418.jpg'),
(419, '2634882763', '242510247', 'AFDAN SAEPUL AKBAR', 2, 14, '1710683886_AFDAN_SAEPUL_AKBAR419.jpg'),
(420, '2637919019', '242510248', 'ALVI AZISWARA PUTRA', 2, 13, '1448122617_ALVI_AZISWARA_PUTRA420.jpg'),
(421, '2634545691', '242510249', 'DAFFA GHAILAN SONJAYA', 2, 13, '128474586_DAFFA_GHAILAN_SONJAYA421.jpg'),
(422, '2637781403', '242510184', 'DEMAS DWI NOOR SATRIA', 2, 14, '1050521352_DEMAS_DWI_NOOR_SATRIA422.jpg'),
(423, '2637482459', '242510251', 'DIKY ARDIAN ADITIA', 2, 14, '1492108447_DIKY_ARDIAN_ADITIA423.jpg'),
(424, '2634544635', '242510250', 'DIAN DIRHAM NURSYAWAL', 2, 15, '727320125_DIAN_DIRHAM_NURSYAWAL424.jpg'),
(425, '2636305243', '242510252', 'DIKY ERLANGGA', 2, 13, '1292950222_DIKY_ERLANGGA425.jpg'),
(426, '2637604747', '242510253', 'DIMAS EKA RAHMAYANTO', 2, 13, '2053728401_DIMAS_EKA_RAHMAYANTO426.jpg'),
(427, '2636277563', '242510254', 'ERVAN FAUZI', 2, 14, '1662602136_ERVAN_FAUZI427.jpg'),
(428, '2638048795', '242510255', 'FAJAR ABDUL AZIS', 2, 14, '1344215734_FAJAR_ABDUL_AZIS428.jpg'),
(429, '2636018155', '242510256', 'FATHUR CAESARIO WIBOWO', 2, 13, '394124865_FATHUR_CAESARIO_WIBOWO429.jpg'),
(430, '2634751227', '242510257', 'GACHA ALWAN REVALZA', 2, 15, '2017914832_GACHA_ALWAN_REVALZA430.jpg'),
(431, '2636462891', '242510258', 'IMAM ANNAS TURRMUDI', 2, 15, '444311081_IMAM_ANNAS_TURRMUDI431.jpg'),
(432, '2635281563', '242510259', 'IRSYAN NUR HIDAYAT', 2, 13, '1758080738_IRSYAN_NUR_HIDAYAT432.jpg'),
(433, '2637633643', '242510260', 'MUHAMAD RIZQULLOH NAFIS', 2, 15, '599857978_MUHAMAD_RIZQULLOH_NAFIS433.jpg'),
(434, '2634774539', '242510261', 'MUHAMMAD LUTHFAN KHOIRUL IHWAN S.', 2, 13, '1787083012_MUHAMMAD_LUTHFAN_KHOIRUL_IHWAN_S.434.jpg'),
(435, '2638267099', '242510262', 'MUHAMMAD LUTHFIE ZAKARIA', 2, 15, '1696903205_MUHAMMAD_LUTHFIE_ZAKARIA435.jpg'),
(436, '2637759099', '242510263', 'MUHAMMAD MAULANA ARIFFIN', 2, 13, '580775785_MUHAMMAD_MAULANA_ARIFFIN436.jpg'),
(437, '2635396747', '242510264', 'MUHAMMAD RAZIB MAULANA', 2, 14, '1859582913_MUHAMMAD_RAZIB_MAULANA437.jpg'),
(438, '2635670843', '242510265', 'MUHAMMAD REFAN MUHARRAM', 2, 13, '34211379_MUHAMMAD_REFAN_MUHARRAM438.jpg'),
(439, '2636101835', '242510267', 'RAFFI RIZKIA YOGASWARA', 2, 13, '333170540_RAFFI_RIZKIA_YOGASWARA439.jpg'),
(440, '2634893851', '242510268', 'RAYHAN YOGA ARDHIANSYAH', 2, 15, '1115964608_RAYHAN_YOGA_ARDHIANSYAH440.jpg'),
(441, '2638684075', '242510269', 'REYKA FIRDAUS', 2, 13, '2044929298_REYKA_FIRDAUS441.jpg'),
(442, '2634532267', '242510270', 'RIFAL VIRGIAWAN', 2, 14, 'user.png'),
(443, '2637603979', '242510271', 'RIZKI JASUN ABDUL FAJAR', 2, 13, '1628131110_RIZKI_JASUN_ABDUL_FAJAR443.jpg'),
(444, '2636687851', '242510272', 'RIZQYA MOHAMAD FIRDAUS', 2, 15, '976189411_RIZQYA_MOHAMAD_FIRDAUS444.jpg'),
(445, '2637753659', '242510273', 'SANDY NUR RIZAL AZIZ', 2, 15, '873928153_SANDY_NUR_RIZAL_AZIZ445.jpg'),
(446, '2636736907', '242510274', 'SATRIA TRI MAULANA', 2, 13, '1445612533_SATRIA_TRI_MAULANA446.jpg'),
(447, '2636267147', '242510275', 'SYAHID WIRDIANSYAH', 2, 13, '1431902766_SYAHID_WIRDIANSYAH447.jpg'),
(448, '2637896123', '242510276', 'TEGUH MAULANA', 2, 15, '1460100995_TEGUH_MAULANA448.jpg'),
(449, '2635679659', '242510277', 'YUDA DWI SUSWANTO', 2, 15, '752236365_YUDA_DWI_SUSWANTO449.jpg'),
(450, '2637500891', '242510278', 'ZIDAN NAZWA NASHAR', 2, 15, '1866424450_ZIDAN_NAZWA_NASHAR450.jpg'),
(451, '2638119435', '242510071', 'ADIB UBAI DILLAH', 3, 23, '493613904_ADIB_UBAI_DILLAH451.jpg'),
(452, '2637713339', '242510072', 'ADILA PEBRIAN', 3, 23, '2008022336_ADILA_PEBRIAN452.jpg'),
(453, '2635648139', '242510074', 'ALVI NURFAUZI', 3, 23, '1382026201_ALVI_NURFAUZI453.jpg'),
(454, '2634809835', '242510075', 'ANDIKA FIRMANSYAH TANUATMAJA', 3, 22, '1955420958_ANDIKA_FIRMANSYAH_TANUATMAJA454.jpg'),
(455, '2635950011', '242510076', 'ANGGIA LARASATI', 3, 22, '587446875_ANGGIA_LARASATI455.jpg'),
(456, '2634959867', '242510077', 'APNAN NAZWAN PRATAMA', 3, 23, '119193996_APNAN_NAZWAN_PRATAMA456.jpg'),
(457, '2635490875', '242510078', 'DAFFA KHOIRUDDIN SURYANA', 3, 23, '1841221359_DAFFA_KHOIRUDDIN_SURYANA457.jpg'),
(458, '2638263467', '242510079', 'DHIMAS OKIE KURNIADI', 3, 23, '1521287155_DHIMAS_OKIE_KURNIADI458.jpg'),
(459, '2692247243', '242510080', 'EKI CANDRA WANDANI', 3, 23, '351559977_EKI_CANDRA_WANDANI459.jpg'),
(460, '2637495515', '242510081', 'GALIH JIBRIL\'YAN', 3, 23, '5155117_GALIH_JIBRIL\'YAN460.jpg'),
(461, '2637986923', '242510082', 'GHAZA RAYANA ALGABANI', 3, 23, '964456746_GHAZA_RAYANA_ALGABANI461.jpg'),
(462, '2635670731', '242510083', 'HAFIZ FABHIANO', 3, 23, '2021581623_HAFIZ_FABHIANO462.jpg'),
(463, '2634408027', '242510084', 'INDRA YAJID HAKIM', 3, 23, '303818920_INDRA_YAJID_HAKIM463.jpg'),
(464, '2637466939', '242510085', 'IQBAL RHAMADHAN', 3, 23, '729139941_IQBAL_RHAMADHAN464.jpg'),
(465, '2637913931', '242510086', 'JANE FRADINI', 3, 23, '1048896869_JANE_FRADINI465.jpg'),
(466, '2635786059', '242510087', 'KHAULA ATTAYA NAFISSA', 3, 23, '2123592953_KHAULA_ATTAYA_NAFISSA466.jpg'),
(467, '2638308187', '242510088', 'M ARVAL RINDAWAN', 3, 23, '47603584_M_ARVAL_RINDAWAN467.jpg'),
(468, '2637913211', '242510089', 'MARSHA FERGIE KELANA', 3, 23, '168725149_MARSHA_FERGIE_KELANA468.jpg'),
(469, '2638601627', '242510091', 'MUHAMMAD FIRZA HAIKAL', 3, 22, '1345940205_MUHAMMAD_FIRZA_HAIKAL469.jpg'),
(470, '2636144155', '242510092', 'MUHAMMAD GIFARI HIKMATUL AKMAL', 3, 23, '664215546_MUHAMMAD_GIFARI_HIKMATUL_AKMAL470.jpg'),
(471, '2636020299', '242510090', 'MUHAMMAD IRSA FAUZAN', 3, 23, 'user.png'),
(472, '2636971515', '242510093', 'MUHAMMAD ZULFAN ARRASYID', 3, 23, '1809217120_MUHAMMAD_ZULFAN_ARRASYID472.jpg'),
(473, '2637851515', '242510094', 'NADZIF ALI RAHMAN', 3, 23, '448814235_NADZIF_ALI_RAHMAN473.jpg'),
(474, '2635732235', '242510095', 'RAFA IHSAN MUSTAFA', 3, 23, '664392352_RAFA_IHSAN_MUSTAFA474.jpg'),
(475, '2694406683', '242510096', 'REIHAN ARIA RAMADHAN', 3, 23, '215388488_REIHAN_ARIA_RAMADHAN475.jpg'),
(476, '2638127531', '242510097', 'RESTU MAHESA PRATAMA', 3, 23, '728608187_RESTU_MAHESA_PRATAMA476.jpg'),
(477, '2636223963', '242510098', 'REZI DIKRAMA PUTRA', 3, 23, '1427877855_REZI_DIKRAMA_PUTRA477.jpg'),
(478, '2634966379', '242510099', 'RIZAL MAULANA', 3, 23, '360650069_RIZAL_MAULANA478.jpg'),
(479, '2638650987', '242510100', 'RIZWAN FEBRIAN', 3, 23, '1712159755_RIZWAN_FEBRIAN479.jpg'),
(480, '2636920219', '242510101', 'SAKTI OCKTA SADEWA', 3, 23, '1276498665_SAKTI_OCKTA_SADEWA480.jpg'),
(481, '2638620987', '242510102', 'SATRYA ABIJAYA PRATAMA', 3, 23, '432565539_SATRYA_ABIJAYA_PRATAMA481.jpg'),
(482, '2637058907', '242510103', 'TRISNA INASA', 3, 23, '2093643342_TRISNA_INASA482.jpg'),
(483, '2638485579', '242510104', 'ZAHRA NUR SYAFA', 3, 22, '151085736_ZAHRA_NUR_SYAFA483.jpg'),
(484, '2635917323', '242510105', 'ZIDNI AJRURROHMAN', 3, 22, '791121150_ZIDNI_AJRURROHMAN484.jpg'),
(485, '2698942427', '242510106', 'AFPRI IMMANUEL SITIO', 3, 22, '1265942758_AFPRI_IMMANUEL_SITIO485.jpg'),
(486, '2637683115', '242510107', 'ALI RAMDANI', 3, 24, '1439871440_ALI_RAMDANI486.jpg'),
(487, '2638096779', '242510108', 'ANDRIYANSYAH NURSOLEH', 3, 22, '54148738_ANDRIYANSYAH_NURSOLEH487.jpg'),
(488, '2634198395', '242510109', 'ARYA IHZA PRATAMA', 3, 24, '1734616060_ARYA_IHZA_PRATAMA488.jpg'),
(489, '2638150827', '242510110', 'DADAN RAMDANI', 3, 24, '653642416_DADAN_RAMDANI489.jpg'),
(490, '2634693611', '242510111', 'DIAZ AFHIT AL HABIBI', 3, 22, '355781146_DIAZ_AFHIT_AL_HABIBI490.jpg'),
(491, '2638368635', '242510112', 'DIKA ERLANGGA', 3, 22, '1340461915_DIKA_ERLANGGA491.jpg'),
(492, '2634764955', '242510113', 'FARHAN AGUNG SYAPUTRA', 3, 23, '693464813_FARHAN_AGUNG_SYAPUTRA492.jpg'),
(493, '2638668171', '242510114', 'FARIS SAHLUL AZIZ', 3, 22, '1369926202_FARIS_SAHLUL_AZIZ493.jpg'),
(494, '2637848347', '242510115', 'FAUZAN FATURAKHMAN', 3, 22, '644338572_FAUZAN_FATURAKHMAN494.jpg'),
(495, '2634585163', '242510116', 'FIKRI RAMDANI', 3, 23, '794381812_FIKRI_RAMDANI495.jpg'),
(496, '2635926651', '242510117', 'HAMDANI ABDUL ROZAK', 3, 22, '1311751337_HAMDANI_ABDUL_ROZAK496.jpg'),
(497, '2638305883', '242510118', 'JIDAN FARID', 3, 23, 'user.png'),
(498, '2636564363', '242510119', 'LUPI SUPRIADI', 3, 22, '838065004_LUPI_SUPRIADI498.jpg'),
(499, '2635462171', '242510120', 'M. ALI NURPATI ALFARIZI', 3, 22, '360845277_M._ALI_NURPATI_ALFARIZI499.jpg'),
(500, '2637924155', '242510121', 'M. FAIQ KHOIRUL AZZAM', 3, 24, '429981318_M._FAIQ_KHOIRUL_AZZAM500.jpg'),
(501, '2635121483', '242510122', 'MOCH RAYHAN SEPTIANSYAH', 3, 24, 'user.png'),
(502, '2637855531', '242510123', 'MUHAMAD RAULLA HUSAENI', 3, 23, 'user.png'),
(503, '2635909883', '242510124', 'MUHAMMAD ALBAKTI', 3, 22, '1861840585_MUHAMMAD_ALBAKTI503.jpg'),
(504, '2635974027', '242510125', 'MUHAMMAD AQBAR MAULANA', 3, 22, '1452587393_MUHAMMAD_AQBAR_MAULANA504.jpg'),
(505, '2634321163', '242510126', 'MUHAMMAD FIQRI SOLEHUDIN', 3, 23, '1618683141_MUHAMMAD_FIQRI_SOLEHUDIN505.jpg'),
(506, '2634715019', '242510127', 'MUHAMMAD RADITIANSYAH', 3, 22, '2140555253_MUHAMMAD_RADITIANSYAH506.jpg'),
(507, '2637643355', '242510128', 'NAUFAL ARTA DHAIFULLOH', 3, 23, '1520152231_NAUFAL_ARTA_DHAIFULLOH507.jpg'),
(508, '2636477259', '242510129', 'NAUFAN MIFTAH MUNPARIZ', 3, 22, '1462657703_NAUFAN_MIFTAH_MUNPARIZ508.jpg'),
(509, '2637682363', '242510130', 'RANGGA MAULUDDIANSYAH', 3, 24, '1666968690_RANGGA_MAULUDDIANSYAH509.jpg'),
(510, '2636068747', '242510131', 'RIZKI RAMADHAN', 3, 22, '1412774276_RIZKI_RAMADHAN510.jpg'),
(511, '2635979483', '242510132', 'ROBI HAERUDIN', 3, 22, '1037540353_ROBI_HAERUDIN511.jpg'),
(512, '2634751147', '242510134', 'SHIGIT JANUAR PAMUNGKAS', 3, 22, '1474012264_SHIGIT_JANUAR_PAMUNGKAS512.jpg'),
(513, '2636107899', '242510135', 'SILFANSYAH', 3, 22, '1952999269_SILFANSYAH513.jpg'),
(514, '2637853691', '242510136', 'SYALAS PRABU BHAKTI', 3, 24, '2145524404_SYALAS_PRABU_BHAKTI514.jpg'),
(515, '2636883211', '242510137', 'TRIYAN RAMADHAN KUSNANDAR', 3, 22, '491329091_TRIYAN_RAMADHAN_KUSNANDAR515.jpg'),
(516, '2635282683', '242510138', 'TSABIT MUHAMMAD RIDLO', 3, 22, '1774616625_TSABIT_MUHAMMAD_RIDLO516.jpg'),
(517, '2636349611', '242510139', 'VINO RIZA APRILLIO', 3, 24, '108274009_VINO_RIZA_APRILLIO517.jpg'),
(518, '2637280779', '242510140', 'ADITYA PEBRIYANTO', 3, 24, '739018648_ADITYA_PEBRIYANTO518.jpg'),
(519, '2637492571', '242510141', 'ALZRI ARDIAN', 3, 24, '169428252_ALZRI_ARDIAN519.jpg'),
(520, '2634183883', '242510142', 'ANDRA RAMADHAN JAILANI', 3, 24, '1020257646_ANDRA_RAMADHAN_JAILANI520.jpg'),
(521, '2638331067', '242510143', 'ARI TURANGGANA', 3, 24, '2086481676_ARI_TURANGGANA521.jpg'),
(522, '2636713035', '242510144', 'DENIS ADITYA', 3, 22, '769874333_DENIS_ADITYA522.jpg'),
(523, '2639197259', '242510145', 'DHEVA AGUNG SUPIYANA', 3, 24, '1316753788_DHEVA_AGUNG_SUPIYANA523.jpg'),
(524, '2637641355', '242510147', 'IHPAN MAULANA', 3, 24, '1603201957_IHPAN_MAULANA524.jpg'),
(525, '2637598955', '242510148', 'JANWAR MUTAQIN', 3, 24, '130007552_JANWAR_MUTAQIN525.jpg'),
(526, '2634760667', '242510149', 'KEVIN ERLANGGA PUTRA', 3, 24, '1715674546_KEVIN_ERLANGGA_PUTRA.jpg'),
(527, '2638024731', '242510150', 'MOCH. RAKA ADITYANA PUTRA', 3, 24, '1755412907_MOCH._RAKA_ADITYANA_PUTRA527.jpg'),
(528, '2635523243', '242510151', 'MUHAMAD ABDUL BUDIMAN', 3, 24, '1205121166_MUHAMAD_ABDUL_BUDIMAN.jpg'),
(529, '2634182555', '242510154', 'MUHAMAD RAUFFA HASANI', 3, 24, 'user.png'),
(530, '2638043483', '242510156', 'MUHAMMAD NASRUL AFNI', 3, 24, '1540092451_MUHAMMAD_NASRUL_AFNI.jpg'),
(531, '2638046363', '242510157', 'MULKY ABDAN', 3, 24, '98292504_MULKY_ABDAN531.jpg'),
(532, '2635991947', '242510158', 'RAFFA FEBRIAN', 3, 24, '526353964_RAFFA_FEBRIAN.jpg'),
(533, '2635981211', '242510159', 'RAFI AHMADANI', 3, 24, '503299539_RAFI_AHMADANI.jpg'),
(534, '2634359563', '242510160', 'RAFI ILHAM MAULANA', 3, 24, '719051646_RAFI_ILHAM_MAULANA.jpg'),
(535, '2637002715', '242510161', 'RAFLI AKBAR', 3, 24, '1471193248_RAFLI_AKBAR.jpg'),
(536, '2635518683', '242510162', 'RAFLIE ACHMAD JAELANI', 3, 24, '1479584205_RAFLIE_ACHMAD_JAELANI.jpg'),
(537, '2637314427', '242510163', 'RAJJANSYAH SUHARAHMAN', 3, 24, '1518491038_RAJJANSYAH_SUHARAHMAN.jpg'),
(538, '2638279595', '242510164', 'RAKA ANGGARA', 3, 24, '1171059561_RAKA_ANGGARA538.jpg'),
(539, '2635446891', '242510165', 'RAMA PUTRA AGUSTIAN', 3, 24, '294069511_RAMA_PUTRA_AGUSTIAN.jpg'),
(540, '2635820043', '242510167', 'REVAN YANUARSYAH', 3, 24, '1395056988_REVAN_YANUARSYAH.jpg'),
(541, '2637615355', '242510168', 'REZI APRIZAL SETIAWAN', 3, 24, '1960888179_REZI_APRIZAL_SETIAWAN541.jpg'),
(542, '2634981259', '242510169', 'RISVAN ELGIANSA', 3, 24, '78930746_RISVAN_ELGIANSA.jpg'),
(543, '2638191595', '242510170', 'RIZKY MAULANA ROHMAN', 3, 24, '414030598_RIZKY_MAULANA_ROHMAN.jpg'),
(544, '2638416139', '242510172', 'TENDY ANUGRAH', 3, 24, '1787410600_TENDY_ANUGRAH.jpg'),
(545, '2637143179', '242510173', 'THREESNA DNISTIA', 3, 24, '1629059579_THREESNA_DNISTIA.jpg'),
(546, '2637891547', '242510152', 'MUHAMAD AZHAR ZAINAKI', 3, 22, '2124897692_MUHAMAD_AZHAR_ZAINAKI.jpg'),
(547, '2638187835', '242510153', 'MUHAMAD FIKRI ARIFA', 3, 22, '273958726_MUHAMAD_FIKRI_ARIFA.jpg'),
(548, '2634827515', '242510155', 'MUHAMMAD FAHMI ASH SHIDDIQ', 3, 22, '933463710_MUHAMMAD_FAHMI_ASH_SHIDDIQ.jpg'),
(549, '2638132123', '242510166', 'RESHA ADITYA PERMANA PUTRA', 3, 22, '1474625322_RESHA_ADITYA_PERMANA_PUTRA.jpg'),
(550, '2636113835', '242510171', 'SATRIA VINDRA WIJAYA', 3, 22, '1196910088_SATRIA_VINDRA_WIJAYA.jpg'),
(551, '2639185483', '242510067', 'SIPA GUSTIANI', 5, 42, '307479035_SIPA_GUSTIANI.jpg'),
(552, '2635910923', '242510068', 'SITI MUROHMAH', 5, 42, '1609795290_SITI_MUROHMAH.jpg'),
(553, '2638088587', '242510070', 'YASMIN NURUL AKMAL', 5, 42, '512763110_YASMIN_NURUL_AKMAL.jpg'),
(554, '2635597323', '242510069', 'SYAFIRA KHOIRUNNISA', 5, 42, '906161219_SYAFIRA_KHOIRUNNISA.jpg'),
(555, '2639103227', '242510066', 'RIFQI SETIAWAN', 5, 42, '1628097283_RIFQI_SETIAWAN.jpg'),
(556, '2634227851', '242510064', 'REGINA PUTRI HIDAYAT', 5, 42, '1727674764_REGINA_PUTRI_HIDAYAT.jpg'),
(557, '2634227131', '242510065', 'REYSA RESTRIANA', 5, 42, '1072164798_REYSA_RESTRIANA.jpg'),
(558, '2638702395', '242510063', 'RADITH MUHAMAD RIZQI', 5, 42, '2056190340_RADITH_MUHAMAD_RIZQI.jpg'),
(559, '2635832859', '242510062', 'RAAFI ERLANGGA', 5, 42, '953658341_RAAFI_ERLANGGA.jpg'),
(560, '2634431659', '242510061', 'PUTRI NURUL MAULIDA', 5, 42, '1861703501_PUTRI_NURUL_MAULIDA.jpg'),
(561, '2634633867', '242510060', 'NOVIA NURAZIZAH', 5, 42, '1234218510_NOVIA_NURAZIZAH561.jpg'),
(562, '2638656475', '242510059', 'NISA RACHMAWATI', 5, 42, '1339350451_NISA_RACHMAWATI.jpg'),
(563, '2693576715', '242510058', 'NAZWA RAHELIYA', 5, 42, '108930668_NAZWA_RAHELIYA.jpg'),
(564, '2635062219', '242510057', 'MUHAMMAD HAFIDZ AL-FIKR OKTAVIAN', 5, 42, '750863808_MUHAMMAD_HAFIDZ_AL-FIKR_OKTAVIAN.jpg'),
(565, '2638447435', '242510056', 'MUHAMMAD FAHRI SETIAWAN', 5, 42, '1033968175_MUHAMMAD_FAHRI_SETIAWAN.jpg'),
(566, '2696535163', '242510055', 'MEY MEY MISKA MARYANI', 5, 42, '420980855_MEY_MEY_MISKA_MARYANI.jpg'),
(567, '2637756763', '242510054', 'MEILANI PUTRI', 5, 42, '1415405492_MEILANI_PUTRI.jpg'),
(568, '2694991883', '242510053', 'MAULANA RUBEN OBAJA', 5, 42, '648352920_MAULANA_RUBEN_OBAJA568.jpg'),
(569, '2693497947', '242510052', 'M. NAUVAL FACHRI AL FARIEZI', 5, 42, '1625608283_M._NAUVAL_FACHRI_AL_FARIEZI.jpg'),
(570, '2637251387', '242510051', 'LATIFA NAILA', 5, 42, '355492235_LATIFA_NAILA.jpg'),
(571, '2638527115', '242510050', 'KEYSA ZAHRATULATIFAH', 5, 42, '317410070_KEYSA_ZAHRATULATIFAH.jpg'),
(572, '2638691531', '242510049', 'JUNOFYAN G.P', 5, 42, '1634019257_JUNOFYAN_G.P.jpg'),
(573, '2635379371', '242510048', 'HANUM FITRIA NAZIHAH', 5, 42, '737671406_HANUM_FITRIA_NAZIHAH.jpg'),
(574, '2640088011', '242510047', 'HAMDAN IDRIS GUNAWAN', 5, 42, '630256156_HAMDAN_IDRIS_GUNAWAN.jpg'),
(575, '2691838331', '242510046', 'HAJIAN ARYA GUNAWAN', 5, 42, '1018142352_HAJIAN_ARYA_GUNAWAN.jpg'),
(576, '2635896523', '242510045', 'GALUH DHARMA PUTRA PRIATNA', 5, 42, '2095743067_GALUH_DHARMA_PUTRA_PRIATNA576.jpg'),
(577, '2694774939', '242510044', 'FRISKA ZIANTI SYIHAB', 5, 42, '1071816715_FRISKA_ZIANTI_SYIHAB.jpg'),
(578, '2634565019', '242510043', 'FELIZZA PUTRI', 5, 41, '930353848_FELIZZA_PUTRI578.jpg'),
(579, '2634795579', '242510042', 'FATHIR ALFIZA RAMADHAN', 5, 42, '42215736_FATHIR_ALFIZA_RAMADHAN.jpg'),
(580, '2697980283', '242510041', 'DIMAS CATUR WIBOWO', 5, 42, '712007428_DIMAS_CATUR_WIBOWO.jpg'),
(581, '2635711291', '242510492', 'DEZTARA AYUNI AENA', 5, 42, '1257269087_DEZTARA_AYUNI_AENA581.jpg'),
(582, '2634179435', '242510040', 'CARISSA CANTIKA SHAFFIRA AWALYA', 5, 42, '1708328734_CARISSA_CANTIKA_SHAFFIRA_AWALYA.jpg'),
(583, '2694917643', '242510039', 'BENBEN ABDIE NEGARA REVAN', 5, 42, '1528077848_BENBEN_ABDIE_NEGARA_REVAN.jpg'),
(584, '2692238587', '242510038', 'ANISA SOLEHA', 5, 42, '930059613_ANISA_SOLEHA.jpg'),
(585, '2641077067', '242510037', 'ALFAZACKIE GIBRAN ANDAWIJAYA', 5, 42, '1349771235_ALFAZACKIE_GIBRAN_ANDAWIJAYA.jpg'),
(586, '2694789803', '242510036', 'A ILMAN FAJAR AR-RASYID', 5, 42, '358264356_A_ILMAN_FAJAR_AR-RASYID.jpg'),
(587, '2637298891', '242510002', 'ALFA RIZKI IBNU SUYUDI', 5, 41, '513793102_ALFA_RIZKI_IBNU_SUYUDI.jpg'),
(588, '1064820213', '242510034', 'SYAKIRA TINDRA YUSRINA', 5, 41, '1667298674_SYAKIRA_TINDRA_YUSRINA.jpg'),
(589, '2698824155', '242510029', 'PITRI ANJANI', 5, 41, '450270027_PITRI_ANJANI.jpg'),
(590, '2636982331', '242510028', 'NANI DESI PRATIWI', 5, 41, '287690907_NANI_DESI_PRATIWI.jpg'),
(591, '2635032571', '242510027', 'MUHAMMAD ZYAN AZARYA', 5, 41, '236206629_MUHAMMAD_ZYAN_AZARYA.jpg'),
(592, '2643995723', '242510033', 'SHEYZA MAULANI', 5, 41, '1830903178_SHEYZA_MAULANI592.jpg'),
(593, '2635105403', '242510032', 'RIUGA D\'AYUNDA', 5, 41, '1263581094_RIUGA_D\'AYUNDA.jpg'),
(594, '2634265243', '242510030', 'PUTRI SUCIPTA FITRIYANI', 5, 41, '1909577514_PUTRI_SUCIPTA_FITRIYANI.jpg'),
(595, '2637728891', '242510026', 'MUHAMMAD RIFQI ABDUL ROSYID', 5, 41, '2115077084_MUHAMMAD_RIFQI_ABDUL_ROSYID.jpg'),
(596, '2642092203', '242510025', 'MUHAMAD ZIKRI IRWANSYAH', 5, 41, '374356314_MUHAMAD_ZIKRI_IRWANSYAH.jpg'),
(597, '2639136331', '242510024', 'MOH ALDO YUSUF PRATAMA', 5, 41, '85497639_MOH_ALDO_YUSUF_PRATAMA.jpg'),
(598, '2635344043', '242510023', 'MOCHAMAD RAMDHAN ARROHMAN', 5, 41, '229057899_MOCHAMAD_RAMDHAN_ARROHMAN.jpg'),
(599, '2696554539', '232510022', 'MILA YULIANA', 5, 41, '2002460822_MILA_YULIANA.jpg'),
(601, '2636642219', '242510021', 'MELATI PUTRI ASYIFA', 5, 41, '1037788919_MELATI_PUTRI_ASYIFA.jpg'),
(602, '2638495467', '242510020', 'MEISYA ALIFATUNNISA', 5, 41, '2085916280_MEISYA_ALIFATUNNISA.jpg'),
(603, '2637449931', '242510019', 'INDRA PRAKASA', 5, 41, '995517234_INDRA_PRAKASA.jpg'),
(604, '2636995435', '242510016', 'HAFIDH NUR AZIZ', 5, 41, 'user.png'),
(605, '2637875547', '242510014', 'FATHIR MUHAMMAD SALAM', 5, 41, '1036757847_FATHIR_MUHAMMAD_SALAM.jpg'),
(606, '2635572075', '242510013', 'FANNY NURMAYANTI', 5, 41, '542260024_FANNY_NURMAYANTI.jpg'),
(607, '2634381291', '242510008', 'ARDYTA MUTIA RACHMAN', 5, 41, '1092570536_ARDYTA_MUTIA_RACHMAN.jpg'),
(608, '2634784635', '242510012', 'DELVIA NUR YULIANINGSIH', 5, 41, '91444930_DELVIA_NUR_YULIANINGSIH.jpg'),
(609, '2636883403', '242510011', 'CLARISA RAFA AFIFAH', 5, 41, '137038116_CLARISA_RAFA_AFIFAH.jpg'),
(610, '2638887803', '242510010', 'AZKA ZHARFAN NASYIDAHUDDIN', 5, 41, '26192173_AZKA_ZHARFAN_NASYIDAHUDDIN.jpg'),
(611, '2635807227', '242510009', 'AULIYANI RAYA TATIH SRI PANGARTI', 5, 41, '1145874473_AULIYANI_RAYA_TATIH_SRI_PANGARTI.jpg'),
(612, '2634445835', '242510007', 'ANNISA WULANDARI RUSDIANA', 5, 41, '1737053119_ANNISA_WULANDARI_RUSDIANA.jpg'),
(613, '2638344571', '242510006', 'ANGGI ROESTI', 5, 41, '172800372_ANGGI_ROESTI.jpg'),
(614, '2637043627', '242510005', 'ALYA G PUTRI', 5, 41, '219651621_ALYA_G_PUTRI.jpg'),
(615, '2635033579', '242510003', 'ALIBI KURNIA', 5, 41, '787171284_ALIBI_KURNIA.jpg'),
(616, '2637194587', '242510004', 'ALIF AHMAD FATHUROHMAN', 5, 41, '1648885829_ALIF_AHMAD_FATHUROHMAN.jpg'),
(617, '2698961867', '242510018', 'HANIFAH NURZAJILAH', 5, 41, '1965833440_HANIFAH_NURZAJILAH.jpg'),
(618, '2692864411', '242510017', 'HAMDAN RIZQI', 5, 41, '2095784995_HAMDAN_RIZQI.jpg'),
(619, '2691011771', '242510015', 'FITRIA ZAFIRA RAHMA', 5, 41, 'user.png'),
(620, '2634733051', '242510035', 'ZHILAN NAILAN NI\'AM', 5, 41, '968343239_ZHILAN_NAILAN_NI\'AM.jpg');

-- --------------------------------------------------------

--
-- Table structure for table `tb_user`
--

CREATE TABLE `tb_user` (
  `id_user` int(11) NOT NULL,
  `email` text NOT NULL,
  `username` char(20) NOT NULL,
  `password` text NOT NULL,
  `passconf` text NOT NULL,
  `nama_user` varchar(100) NOT NULL,
  `level` enum('0','1') NOT NULL
) ENGINE=InnoDB DEFAULT CHARSET=utf8mb4 COLLATE=utf8mb4_general_ci;

--
-- Dumping data for table `tb_user`
--

INSERT INTO `tb_user` (`id_user`, `email`, `username`, `password`, `passconf`, `nama_user`, `level`) VALUES
(4, 'Asep@gmail.com', '123', '202cb962ac59075b964b07152d234b70', '123', 'Asep', '1'),
(6, 'fajaroktavian58@gmail.com', 'admin', 'caf1a3dfb505ffed0d024130f58c5cfa', '321', 'Fajar', '0');

--
-- Indexes for dumped tables
--

--
-- Indexes for table `footer`
--
ALTER TABLE `footer`
  ADD PRIMARY KEY (`id_footer`);

--
-- Indexes for table `tb_berita`
--
ALTER TABLE `tb_berita`
  ADD PRIMARY KEY (`id_berita`);

--
-- Indexes for table `tb_hadir`
--
ALTER TABLE `tb_hadir`
  ADD PRIMARY KEY (`id_hadir`),
  ADD KEY `kehadiran dengan siswa` (`id_siswa`);

--
-- Indexes for table `tb_hari`
--
ALTER TABLE `tb_hari`
  ADD PRIMARY KEY (`id_hari`);

--
-- Indexes for table `tb_jurusan`
--
ALTER TABLE `tb_jurusan`
  ADD PRIMARY KEY (`id_jurusan`);

--
-- Indexes for table `tb_kelas`
--
ALTER TABLE `tb_kelas`
  ADD PRIMARY KEY (`id_kelas`),
  ADD KEY `kelas dengan jurusan` (`id_jurusan`);

--
-- Indexes for table `tb_sekolah`
--
ALTER TABLE `tb_sekolah`
  ADD PRIMARY KEY (`id_sekolah`);

--
-- Indexes for table `tb_siswa`
--
ALTER TABLE `tb_siswa`
  ADD PRIMARY KEY (`id_siswa`),
  ADD KEY `siswa dengan jurusan` (`id_jurusan`),
  ADD KEY `siswa dengan kelas` (`id_kelas`);

--
-- Indexes for table `tb_user`
--
ALTER TABLE `tb_user`
  ADD PRIMARY KEY (`id_user`);

--
-- AUTO_INCREMENT for dumped tables
--

--
-- AUTO_INCREMENT for table `footer`
--
ALTER TABLE `footer`
  MODIFY `id_footer` int(11) NOT NULL AUTO_INCREMENT, AUTO_INCREMENT=2;

--
-- AUTO_INCREMENT for table `tb_berita`
--
ALTER TABLE `tb_berita`
  MODIFY `id_berita` int(11) NOT NULL AUTO_INCREMENT, AUTO_INCREMENT=5;

--
-- AUTO_INCREMENT for table `tb_hadir`
--
ALTER TABLE `tb_hadir`
  MODIFY `id_hadir` int(11) NOT NULL AUTO_INCREMENT, AUTO_INCREMENT=131;

--
-- AUTO_INCREMENT for table `tb_hari`
--
ALTER TABLE `tb_hari`
  MODIFY `id_hari` int(11) NOT NULL AUTO_INCREMENT, AUTO_INCREMENT=60;

--
-- AUTO_INCREMENT for table `tb_jurusan`
--
ALTER TABLE `tb_jurusan`
  MODIFY `id_jurusan` int(11) NOT NULL AUTO_INCREMENT, AUTO_INCREMENT=12;

--
-- AUTO_INCREMENT for table `tb_kelas`
--
ALTER TABLE `tb_kelas`
  MODIFY `id_kelas` int(11) NOT NULL AUTO_INCREMENT, AUTO_INCREMENT=50;

--
-- AUTO_INCREMENT for table `tb_sekolah`
--
ALTER TABLE `tb_sekolah`
  MODIFY `id_sekolah` int(11) NOT NULL AUTO_INCREMENT, AUTO_INCREMENT=3;

--
-- AUTO_INCREMENT for table `tb_siswa`
--
ALTER TABLE `tb_siswa`
  MODIFY `id_siswa` int(11) NOT NULL AUTO_INCREMENT, AUTO_INCREMENT=621;

--
-- AUTO_INCREMENT for table `tb_user`
--
ALTER TABLE `tb_user`
  MODIFY `id_user` int(11) NOT NULL AUTO_INCREMENT, AUTO_INCREMENT=9;

--
-- Constraints for dumped tables
--

--
-- Constraints for table `tb_hadir`
--
ALTER TABLE `tb_hadir`
  ADD CONSTRAINT `kehadiran dengan siswa` FOREIGN KEY (`id_siswa`) REFERENCES `tb_siswa` (`id_siswa`) ON DELETE CASCADE ON UPDATE CASCADE;

--
-- Constraints for table `tb_kelas`
--
ALTER TABLE `tb_kelas`
  ADD CONSTRAINT `kelas dengan jurusan` FOREIGN KEY (`id_jurusan`) REFERENCES `tb_jurusan` (`id_jurusan`) ON DELETE CASCADE ON UPDATE CASCADE;

--
-- Constraints for table `tb_siswa`
--
ALTER TABLE `tb_siswa`
  ADD CONSTRAINT `siswa dengan jurusan` FOREIGN KEY (`id_jurusan`) REFERENCES `tb_jurusan` (`id_jurusan`) ON DELETE CASCADE ON UPDATE CASCADE,
  ADD CONSTRAINT `siswa dengan kelas` FOREIGN KEY (`id_kelas`) REFERENCES `tb_kelas` (`id_kelas`) ON DELETE CASCADE ON UPDATE CASCADE;
COMMIT;

/*!40101 SET CHARACTER_SET_CLIENT=@OLD_CHARACTER_SET_CLIENT */;
/*!40101 SET CHARACTER_SET_RESULTS=@OLD_CHARACTER_SET_RESULTS */;
/*!40101 SET COLLATION_CONNECTION=@OLD_COLLATION_CONNECTION */;
